Workbook

Sheet HomeGames
A1: teamName | B1: Crok Messieurs | C1: Et Haneen | D1: Shartyyyy | E1: Kalice | F1: J&J | G1: Kat Trik | H1: Handy Manny | I1: Peethan | J1: TRON | K1: Katy
A2: Crok Messieurs | B2: XXX | C2: =IF(OR(B3 = "UNPLAYED", B3 = "XXX"), B3, IF(B3 = "F", "-F", IF(B3 = "-F", "F", -1*B3))) -> 100 | D2: =IF(OR(B4 = "UNPLAYED", B4 = "XXX"), B4, IF(B4 = "F", "-F", IF(B4 = "-F", "F", -1*B4))) -> F | E2: =IF(OR(B5 = "UNPLAYED", B5 = "XXX"), B5, IF(B5 = "F", "-F", IF(B5 = "-F", "F", -1*B5))) -> 95 | F2: =IF(OR(B6 = "UNPLAYED", B6 = "XXX"), B6, IF(B6 = "F", "-F", IF(B6 = "-F", "F", -1*B6))) -> XXX | G2: =IF(OR(B7 = "UNPLAYED", B7 = "XXX"), B7, IF(B7 = "F", "-F", IF(B7 = "-F", "F", -1*B7))) -> 10 | H2: =IF(OR(B8 = "UNPLAYED", B8 = "XXX"), B8, IF(B8 = "F", "-F", IF(B8 = "-F", "F", -1*B8))) -> F | I2: =IF(OR(B9 = "UNPLAYED", B9 = "XXX"), B9, IF(B9 = "F", "-F", IF(B9 = "-F", "F", -1*B9))) -> 55 | J2: =IF(OR(B10 = "UNPLAYED", B10 = "XXX"), B10, IF(B10 = "F", "-F", IF(B10 = "-F", "F", -1*B10))) -> XXX | K2: =IF(OR(B11 = "UNPLAYED", B11 = "XXX"), B11, IF(B11 = "F", "-F", IF(B11 = "-F", "F", -1*B11))) -> UNPLAYED
A3: Et Haneen | B3: -100 | C3: XXX | D3: =IF(OR(C4 = "UNPLAYED", C4 = "XXX"), C4, IF(C4 = "F", "-F", IF(C4 = "-F", "F", -1*C4))) -> 60 | E3: =IF(OR(C5 = "UNPLAYED", C5 = "XXX"), C5, IF(C5 = "F", "-F", IF(C5 = "-F", "F", -1*C5))) -> 100 | F3: =IF(OR(C6 = "UNPLAYED", C6 = "XXX"), C6, IF(C6 = "F", "-F", IF(C6 = "-F", "F", -1*C6))) -> -55 | G3: =IF(OR(C7 = "UNPLAYED", C7 = "XXX"), C7, IF(C7 = "F", "-F", IF(C7 = "-F", "F", -1*C7))) -> -50 | H3: =IF(OR(C8 = "UNPLAYED", C8 = "XXX"), C8, IF(C8 = "F", "-F", IF(C8 = "-F", "F", -1*C8))) -> XXX | I3: =IF(OR(C9 = "UNPLAYED", C9 = "XXX"), C9, IF(C9 = "F", "-F", IF(C9 = "-F", "F", -1*C9))) -> XXX | J3: =IF(OR(C10 = "UNPLAYED", C10 = "XXX"), C10, IF(C10 = "F", "-F", IF(C10 = "-F", "F", -1*C10))) -> -75 | K3: =IF(OR(C11 = "UNPLAYED", C11 = "XXX"), C11, IF(C11 = "F", "-F", IF(C11 = "-F", "F", -1*C11))) -> F
A4: Shartyyyy | B4: -F | C4: -60 | D4: XXX | E4: =IF(OR(D5 = "UNPLAYED", D5 = "XXX"), D5, IF(D5 = "F", "-F", IF(D5 = "-F", "F", -1*D5))) -> -F | F4: =IF(OR(D6 = "UNPLAYED", D6 = "XXX"), D6, IF(D6 = "F", "-F", IF(D6 = "-F", "F", -1*D6))) -> -100 | G4: =IF(OR(D7 = "UNPLAYED", D7 = "XXX"), D7, IF(D7 = "F", "-F", IF(D7 = "-F", "F", -1*D7))) -> UNPLAYED | H4: =IF(OR(D8 = "UNPLAYED", D8 = "XXX"), D8, IF(D8 = "F", "-F", IF(D8 = "-F", "F", -1*D8))) -> XXX | I4: =IF(OR(D9 = "UNPLAYED", D9 = "XXX"), D9, IF(D9 = "F", "-F", IF(D9 = "-F", "F", -1*D9))) -> UNPLAYED | J4: =IF(OR(D10 = "UNPLAYED", D10 = "XXX"), D10, IF(D10 = "F", "-F", IF(D10 = "-F", "F", -1*D10))) -> UNPLAYED | K4: =IF(OR(D11 = "UNPLAYED", D11 = "XXX"), D11, IF(D11 = "F", "-F", IF(D11 = "-F", "F", -1*D11))) -> XXX
A5: Kalice | B5: -95 | C5: -100 | D5: F | E5: XXX | F5: =IF(OR(E6 = "UNPLAYED", E6 = "XXX"), E6, IF(E6 = "F", "-F", IF(E6 = "-F", "F", -1*E6))) -> XXX | G5: =IF(OR(E7 = "UNPLAYED", E7 = "XXX"), E7, IF(E7 = "F", "-F", IF(E7 = "-F", "F", -1*E7))) -> F | H5: =IF(OR(E8 = "UNPLAYED", E8 = "XXX"), E8, IF(E8 = "F", "-F", IF(E8 = "-F", "F", -1*E8))) -> -65 | I5: =IF(OR(E9 = "UNPLAYED", E9 = "XXX"), E9, IF(E9 = "F", "-F", IF(E9 = "-F", "F", -1*E9))) -> -30 | J5: =IF(OR(E10 = "UNPLAYED", E10 = "XXX"), E10, IF(E10 = "F", "-F", IF(E10 = "-F", "F", -1*E10))) -> XXX | K5: =IF(OR(E11 = "UNPLAYED", E11 = "XXX"), E11, IF(E11 = "F", "-F", IF(E11 = "-F", "F", -1*E11))) -> F
A6: J&J | B6: XXX | C6: 55 | D6: 100 | E6: XXX | F6: XXX | G6: =IF(OR(F7 = "UNPLAYED", F7 = "XXX"), F7, IF(F7 = "F", "-F", IF(F7 = "-F", "F", -1*F7))) -> -40 | H6: =IF(OR(F8 = "UNPLAYED", F8 = "XXX"), F8, IF(F8 = "F", "-F", IF(F8 = "-F", "F", -1*F8))) -> 100 | I6: =IF(OR(F9 = "UNPLAYED", F9 = "XXX"), F9, IF(F9 = "F", "-F", IF(F9 = "-F", "F", -1*F9))) -> F | J6: =IF(OR(F10 = "UNPLAYED", F10 = "XXX"), F10, IF(F10 = "F", "-F", IF(F10 = "-F", "F", -1*F10))) -> 15 | K6: =IF(OR(F11 = "UNPLAYED", F11 = "XXX"), F11, IF(F11 = "F", "-F", IF(F11 = "-F", "F", -1*F11))) -> F
A7: Kat Trik | B7: -10 | C7: 50 | D7: UNPLAYED | E7: -F | F7: 40 | G7: XXX | H7: =IF(OR(G8 = "UNPLAYED", G8 = "XXX"), G8, IF(G8 = "F", "-F", IF(G8 = "-F", "F", -1*G8))) -> 75 | I7: =IF(OR(G9 = "UNPLAYED", G9 = "XXX"), G9, IF(G9 = "F", "-F", IF(G9 = "-F", "F", -1*G9))) -> XXX | J7: =IF(OR(G10 = "UNPLAYED", G10 = "XXX"), G10, IF(G10 = "F", "-F", IF(G10 = "-F", "F", -1*G10))) -> -20 | K7: =IF(OR(G11 = "UNPLAYED", G11 = "XXX"), G11, IF(G11 = "F", "-F", IF(G11 = "-F", "F", -1*G11))) -> XXX
A8: Handy Manny | B8: -F | C8: XXX | D8: XXX | E8: 65 | F8: -100 | G8: -75 | H8: XXX | I8: =IF(OR(H9 = "UNPLAYED", H9 = "XXX"), H9, IF(H9 = "F", "-F", IF(H9 = "-F", "F", -1*H9))) -> UNPLAYED | J8: =IF(OR(H10 = "UNPLAYED", H10 = "XXX"), H10, IF(H10 = "F", "-F", IF(H10 = "-F", "F", -1*H10))) -> UNPLAYED | K8: =IF(OR(H11 = "UNPLAYED", H11 = "XXX"), H11, IF(H11 = "F", "-F", IF(H11 = "-F", "F", -1*H11))) -> UNPLAYED
A9: Peethan | B9: -55 | C9: XXX | D9: UNPLAYED | E9: 30 | F9: -F | G9: XXX | H9: UNPLAYED | I9: XXX | J9: =IF(OR(I10 = "UNPLAYED", I10 = "XXX"), I10, IF(I10 = "F", "-F", IF(I10 = "-F", "F", -1*I10))) -> -90 | K9: =IF(OR(I11 = "UNPLAYED", I11 = "XXX"), I11, IF(I11 = "F", "-F", IF(I11 = "-F", "F", -1*I11))) -> 15
A10: TRON | B10: XXX | C10: 75 | D10: UNPLAYED | E10: XXX | F10: -15 | G10: 20 | H10: UNPLAYED | I10: 90 | J10: XXX | K10: =IF(OR(J11 = "UNPLAYED", J11 = "XXX"), J11, IF(J11 = "F", "-F", IF(J11 = "-F", "F", -1*J11))) -> 100
A11: Katy | B11: UNPLAYED | C11: -F | D11: XXX | E11: -F | F11: -F | G11: XXX | H11: UNPLAYED | I11: -15 | J11: -100 | K11: XXX

Sheet AwayGames
A1: teamName | B1: Crok Messieurs | C1: Et Haneen | D1: Shartyyyy | E1: Kalice | F1: J&J | G1: Kat Trik | H1: Handy Manny | I1: Peethan | J1: TRON | K1: Katy
A2: Crok Messieurs | B2: XXX | C2: =IF(OR(B3 = "UNPLAYED", B3 = "XXX"), B3, IF(B3 = "F", "-F", IF(B3 = "-F", "F", -1*B3))) -> 100 | D2: =IF(OR(B4 = "UNPLAYED", B4 = "XXX"), B4, IF(B4 = "F", "-F", IF(B4 = "-F", "F", -1*B4))) -> F | E2: =IF(OR(B5 = "UNPLAYED", B5 = "XXX"), B5, IF(B5 = "F", "-F", IF(B5 = "-F", "F", -1*B5))) -> 100 | F2: =IF(OR(B6 = "UNPLAYED", B6 = "XXX"), B6, IF(B6 = "F", "-F", IF(B6 = "-F", "F", -1*B6))) -> XXX | G2: =IF(OR(B7 = "UNPLAYED", B7 = "XXX"), B7, IF(B7 = "F", "-F", IF(B7 = "-F", "F", -1*B7))) -> F | H2: =IF(OR(B8 = "UNPLAYED", B8 = "XXX"), B8, IF(B8 = "F", "-F", IF(B8 = "-F", "F", -1*B8))) -> F | I2: =IF(OR(B9 = "UNPLAYED", B9 = "XXX"), B9, IF(B9 = "F", "-F", IF(B9 = "-F", "F", -1*B9))) -> 100 | J2: =IF(OR(B10 = "UNPLAYED", B10 = "XXX"), B10, IF(B10 = "F", "-F", IF(B10 = "-F", "F", -1*B10))) -> XXX | K2: =IF(OR(B11 = "UNPLAYED", B11 = "XXX"), B11, IF(B11 = "F", "-F", IF(B11 = "-F", "F", -1*B11))) -> F
A3: Et Haneen | B3: -100 | C3: XXX | D3: =IF(OR(C4 = "UNPLAYED", C4 = "XXX"), C4, IF(C4 = "F", "-F", IF(C4 = "-F", "F", -1*C4))) -> F | E3: =IF(OR(C5 = "UNPLAYED", C5 = "XXX"), C5, IF(C5 = "F", "-F", IF(C5 = "-F", "F", -1*C5))) -> F | F3: =IF(OR(C6 = "UNPLAYED", C6 = "XXX"), C6, IF(C6 = "F", "-F", IF(C6 = "-F", "F", -1*C6))) -> -60 | G3: =IF(OR(C7 = "UNPLAYED", C7 = "XXX"), C7, IF(C7 = "F", "-F", IF(C7 = "-F", "F", -1*C7))) -> F | H3: =IF(OR(C8 = "UNPLAYED", C8 = "XXX"), C8, IF(C8 = "F", "-F", IF(C8 = "-F", "F", -1*C8))) -> XXX | I3: =IF(OR(C9 = "UNPLAYED", C9 = "XXX"), C9, IF(C9 = "F", "-F", IF(C9 = "-F", "F", -1*C9))) -> XXX | J3: =IF(OR(C10 = "UNPLAYED", C10 = "XXX"), C10, IF(C10 = "F", "-F", IF(C10 = "-F", "F", -1*C10))) -> -45 | K3: =IF(OR(C11 = "UNPLAYED", C11 = "XXX"), C11, IF(C11 = "F", "-F", IF(C11 = "-F", "F", -1*C11))) -> F
A4: Shartyyyy | B4: -F | C4: -F | D4: XXX | E4: =IF(OR(D5 = "UNPLAYED", D5 = "XXX"), D5, IF(D5 = "F", "-F", IF(D5 = "-F", "F", -1*D5))) -> -F | F4: =IF(OR(D6 = "UNPLAYED", D6 = "XXX"), D6, IF(D6 = "F", "-F", IF(D6 = "-F", "F", -1*D6))) -> -100 | G4: =IF(OR(D7 = "UNPLAYED", D7 = "XXX"), D7, IF(D7 = "F", "-F", IF(D7 = "-F", "F", -1*D7))) -> UNPLAYED | H4: =IF(OR(D8 = "UNPLAYED", D8 = "XXX"), D8, IF(D8 = "F", "-F", IF(D8 = "-F", "F", -1*D8))) -> XXX | I4: =IF(OR(D9 = "UNPLAYED", D9 = "XXX"), D9, IF(D9 = "F", "-F", IF(D9 = "-F", "F", -1*D9))) -> UNPLAYED | J4: =IF(OR(D10 = "UNPLAYED", D10 = "XXX"), D10, IF(D10 = "F", "-F", IF(D10 = "-F", "F", -1*D10))) -> -F | K4: =IF(OR(D11 = "UNPLAYED", D11 = "XXX"), D11, IF(D11 = "F", "-F", IF(D11 = "-F", "F", -1*D11))) -> XXX
A5: Kalice | B5: -100 | C5: -F | D5: F | E5: XXX | F5: =IF(OR(E6 = "UNPLAYED", E6 = "XXX"), E6, IF(E6 = "F", "-F", IF(E6 = "-F", "F", -1*E6))) -> XXX | G5: =IF(OR(E7 = "UNPLAYED", E7 = "XXX"), E7, IF(E7 = "F", "-F", IF(E7 = "-F", "F", -1*E7))) -> F | H5: =IF(OR(E8 = "UNPLAYED", E8 = "XXX"), E8, IF(E8 = "F", "-F", IF(E8 = "-F", "F", -1*E8))) -> F | I5: =IF(OR(E9 = "UNPLAYED", E9 = "XXX"), E9, IF(E9 = "F", "-F", IF(E9 = "-F", "F", -1*E9))) -> -F | J5: =IF(OR(E10 = "UNPLAYED", E10 = "XXX"), E10, IF(E10 = "F", "-F", IF(E10 = "-F", "F", -1*E10))) -> XXX | K5: =IF(OR(E11 = "UNPLAYED", E11 = "XXX"), E11, IF(E11 = "F", "-F", IF(E11 = "-F", "F", -1*E11))) -> F
A6: J&J | B6: XXX | C6: 60 | D6: 100 | E6: XXX | F6: XXX | G6: =IF(OR(F7 = "UNPLAYED", F7 = "XXX"), F7, IF(F7 = "F", "-F", IF(F7 = "-F", "F", -1*F7))) -> 45 | H6: =IF(OR(F8 = "UNPLAYED", F8 = "XXX"), F8, IF(F8 = "F", "-F", IF(F8 = "-F", "F", -1*F8))) -> F | I6: =IF(OR(F9 = "UNPLAYED", F9 = "XXX"), F9, IF(F9 = "F", "-F", IF(F9 = "-F", "F", -1*F9))) -> -70 | J6: =IF(OR(F10 = "UNPLAYED", F10 = "XXX"), F10, IF(F10 = "F", "-F", IF(F10 = "-F", "F", -1*F10))) -> -100 | K6: =IF(OR(F11 = "UNPLAYED", F11 = "XXX"), F11, IF(F11 = "F", "-F", IF(F11 = "-F", "F", -1*F11))) -> F
A7: Kat Trik | B7: -F | C7: -F | D7: UNPLAYED | E7: -F | F7: -45 | G7: XXX | H7: =IF(OR(G8 = "UNPLAYED", G8 = "XXX"), G8, IF(G8 = "F", "-F", IF(G8 = "-F", "F", -1*G8))) -> UNPLAYED | I7: =IF(OR(G9 = "UNPLAYED", G9 = "XXX"), G9, IF(G9 = "F", "-F", IF(G9 = "-F", "F", -1*G9))) -> XXX | J7: =IF(OR(G10 = "UNPLAYED", G10 = "XXX"), G10, IF(G10 = "F", "-F", IF(G10 = "-F", "F", -1*G10))) -> UNPLAYED | K7: =IF(OR(G11 = "UNPLAYED", G11 = "XXX"), G11, IF(G11 = "F", "-F", IF(G11 = "-F", "F", -1*G11))) -> XXX
A8: Handy Manny | B8: -F | C8: XXX | D8: XXX | E8: -F | F8: -F | G8: UNPLAYED | H8: XXX | I8: =IF(OR(H9 = "UNPLAYED", H9 = "XXX"), H9, IF(H9 = "F", "-F", IF(H9 = "-F", "F", -1*H9))) -> UNPLAYED | J8: =IF(OR(H10 = "UNPLAYED", H10 = "XXX"), H10, IF(H10 = "F", "-F", IF(H10 = "-F", "F", -1*H10))) -> -F | K8: =IF(OR(H11 = "UNPLAYED", H11 = "XXX"), H11, IF(H11 = "F", "-F", IF(H11 = "-F", "F", -1*H11))) -> UNPLAYED
A9: Peethan | B9: -100 | C9: XXX | D9: UNPLAYED | E9: F | F9: 70 | G9: XXX | H9: UNPLAYED | I9: XXX | J9: =IF(OR(I10 = "UNPLAYED", I10 = "XXX"), I10, IF(I10 = "F", "-F", IF(I10 = "-F", "F", -1*I10))) -> -100 | K9: =IF(OR(I11 = "UNPLAYED", I11 = "XXX"), I11, IF(I11 = "F", "-F", IF(I11 = "-F", "F", -1*I11))) -> 0
A10: TRON | B10: XXX | C10: 45 | D10: F | E10: XXX | F10: 100 | G10: UNPLAYED | H10: F | I10: 100 | J10: XXX | K10: =IF(OR(J11 = "UNPLAYED", J11 = "XXX"), J11, IF(J11 = "F", "-F", IF(J11 = "-F", "F", -1*J11))) -> UNPLAYED
A11: Katy | B11: -F | C11: -F | D11: XXX | E11: -F | F11: -F | G11: XXX | H11: UNPLAYED | I11: 0 | J11: UNPLAYED | K11: XXX

Sheet Disallowed games
B1: count top | C1: count left | D1: total | F1: base counts | G1: count top | H1: count left | I1: total
A2: Crok Messieurs | B2: =COUNTIF(AwayGames!B2:B11, "XXX") -> 3 | C2: 0 | D2: =B2 + C2 -> 3 | F2: Crok Messieurs | G2: 2 | H2: 0 | I2: 2
A3: Et Haneen | B3: =COUNTIF(AwayGames!C3:C12, "XXX") -> 3 | C3: =COUNTIF(AwayGames!$B3:B3, "XXX") -> 0 | D3: =B3 + C3 -> 3 | F3: Et Haneen | G3: 3 | H3: 0 | I3: 3
A4: Shartyyyy | B4: =COUNTIF(AwayGames!D4:D13, "XXX") -> 3 | C4: =COUNTIF(AwayGames!$B4:C4, "XXX") -> 0 | D4: =B4 + C4 -> 3 | F4: Shartyyyy | G4: 3 | H4: 0 | I4: 3
A5: Kalice | B5: =COUNTIF(AwayGames!E5:E14, "XXX") -> 3 | C5: =COUNTIF(AwayGames!$B5:D5, "XXX") -> 0 | D5: =B5 + C5 -> 3 | F5: Kalice | G5: 1 | H5: 0 | I5: 1
A6: J&J | B6: =COUNTIF(AwayGames!F6:F15, "XXX") -> 1 | C6: =COUNTIF(AwayGames!$B6:E6, "XXX") -> 2 | D6: =B6 + C6 -> 3 | F6: J&J | G6: 1 | H6: 1 | I6: 2
A7: Kat Trik | B7: =COUNTIF(AwayGames!G7:G16, "XXX") -> 3 | C7: =COUNTIF(AwayGames!$B7:F7, "XXX") -> 0 | D7: =B7 + C7 -> 3 | F7: Kat Trik | G7: 3 | H7: 0 | I7: 3
A8: Handy Manny | B8: =COUNTIF(AwayGames!H8:H17, "XXX") -> 1 | C8: =COUNTIF(AwayGames!$B8:G8, "XXX") -> 2 | D8: =B8 + C8 -> 3 | F8: Handy Manny | G8: 1 | H8: 2 | I8: 3
A9: Peethan | B9: =COUNTIF(AwayGames!I9:I18, "XXX") -> 1 | C9: =COUNTIF(AwayGames!$B9:H9, "XXX") -> 2 | D9: =B9 + C9 -> 3 | F9: Peethan | G9: 1 | H9: 2 | I9: 3
A10: TRON | B10: =COUNTIF(AwayGames!J10:J19, "XXX") -> 1 | C10: =COUNTIF(AwayGames!$B10:I10, "XXX") -> 2 | D10: =B10 + C10 -> 3 | F10: TRON | G10: 1 | H10: 0 | I10: 1
A11: Katy | B11: =COUNTIF(AwayGames!K11:K20, "XXX") -> 1 | C11: =COUNTIF(AwayGames!$B11:J11, "XXX") -> 2 | D11: =B11 + C11 -> 3 | F11: Katy | G11: 1 | H11: 2 | I11: 3
N13: Kalice | O13: TRON | P13: Crok Messiers
F14: added no games | H14: team 1 | I14: team 2 | J14: was played | N14: ^ there is a 3 way no overlap. Could make it so you just play each of them once and your result in the series is determined by those 2 ^
H15: Kalice | I15: TRON | J15: away TRON won by 100 | N15: Doesn't work because then there is also J&J left over
H16: Crok Messiers | I16: TRON
H17: Kalice | I17: J&J

Sheet TeamInfo
A1: name | B1: Player 1 | C1: Player 2
A2: Crok Messieurs | B2: Jack | C2: Vedant
A3: Et Haneen | B3: Haneen | C3: Ethan
A4: Shartyyyy | B4: Sandy | C4: Shawty
A5: Kalice | B5: Katelyn | C5: Alice
A6: J&J | B6: Jack | C6: John
A7: Kat Trik | B7: Patrik | C7: Kato
A8: Handy Manny | B8: Haneen | C8: Sandy
A9: Peethan | B9: Patrik | C9: Ethan
A10: TRON | B10: Sam | C10: Anish
A11: Katy | B11: Kato | C11: Shawty

Sheet AwayGamesBig
A1: teamName | B1: Crok Messieurs | C1: Hethan | D1: Shartyyyy | E1: Kalice | F1: J&J | G1: Kat Trik | H1: Handy | I1: manler | J1: unhinged | K1: kandy
A2: Crok Messieurs | B2: XXX | C2: =IF(OR(B3 = "UNPLAYED", B3 = "XXX"), B3, -1* B3) -> UNPLAYED | D2: =IF(OR(B4 = "UNPLAYED", B4 = "XXX"), B4, -1* B4) -> UNPLAYED | E2: =IF(OR(B5 = "UNPLAYED", B5 = "XXX"), B5, -1* B5) -> UNPLAYED | F2: =IF(OR(B6 = "UNPLAYED", B6 = "XXX"), B6, -1* B6) -> UNPLAYED | G2: =IF(OR(B7 = "UNPLAYED", B7 = "XXX"), B7, -1* B7) -> UNPLAYED | H2: =IF(OR(B8 = "UNPLAYED", B8 = "XXX"), B8, -1* B8) -> UNPLAYED | I2: =IF(OR(B9 = "UNPLAYED", B9 = "XXX"), B9, -1* B9) -> XXX | J2: =IF(OR(B10 = "UNPLAYED", B10 = "XXX"), B10, -1* B10) -> XXX | K2: =IF(OR(B11 = "UNPLAYED", B11 = "XXX"), B11, -1* B11) -> UNPLAYED
A3: Hethan | B3: UNPLAYED | C3: XXX | D3: =IF(OR(C4 = "UNPLAYED", C4 = "XXX"), C4, -1* C4) -> XXX | E3: =IF(OR(C5 = "UNPLAYED", C5 = "XXX"), C5, -1* C5) -> UNPLAYED | F3: =IF(OR(C6 = "UNPLAYED", C6 = "XXX"), C6, -1* C6) -> UNPLAYED | G3: =IF(OR(C7 = "UNPLAYED", C7 = "XXX"), C7, -1* C7) -> XXX | H3: =IF(OR(C8 = "UNPLAYED", C8 = "XXX"), C8, -1* C8) -> UNPLAYED | I3: =IF(OR(C9 = "UNPLAYED", C9 = "XXX"), C9, -1* C9) -> UNPLAYED | J3: =IF(OR(C10 = "UNPLAYED", C10 = "XXX"), C10, -1* C10) -> UNPLAYED | K3: =IF(OR(C11 = "UNPLAYED", C11 = "XXX"), C11, -1* C11) -> UNPLAYED
A4: Shartyyyy | B4: UNPLAYED | C4: XXX | D4: XXX | E4: =IF(OR(D5 = "UNPLAYED", D5 = "XXX"), D5, -1* D5) -> XXX | F4: =IF(OR(D6 = "UNPLAYED", D6 = "XXX"), D6, -1* D6) -> UNPLAYED | G4: =IF(OR(D7 = "UNPLAYED", D7 = "XXX"), D7, -1* D7) -> UNPLAYED | H4: =IF(OR(D8 = "UNPLAYED", D8 = "XXX"), D8, -1* D8) -> UNPLAYED | I4: =IF(OR(D9 = "UNPLAYED", D9 = "XXX"), D9, -1* D9) -> UNPLAYED | J4: =IF(OR(D10 = "UNPLAYED", D10 = "XXX"), D10, -1* D10) -> UNPLAYED | K4: =IF(OR(D11 = "UNPLAYED", D11 = "XXX"), D11, -1* D11) -> UNPLAYED
A5: Kalice | B5: UNPLAYED | C5: UNPLAYED | D5: XXX | E5: XXX | F5: =IF(OR(E6 = "UNPLAYED", E6 = "XXX"), E6, -1* E6) -> XXX | G5: =IF(OR(E7 = "UNPLAYED", E7 = "XXX"), E7, -1* E7) -> UNPLAYED | H5: =IF(OR(E8 = "UNPLAYED", E8 = "XXX"), E8, -1* E8) -> UNPLAYED | I5: =IF(OR(E9 = "UNPLAYED", E9 = "XXX"), E9, -1* E9) -> UNPLAYED | J5: =IF(OR(E10 = "UNPLAYED", E10 = "XXX"), E10, -1* E10) -> UNPLAYED | K5: =IF(OR(E11 = "UNPLAYED", E11 = "XXX"), E11, -1* E11) -> UNPLAYED
A6: J&J | B6: UNPLAYED | C6: UNPLAYED | D6: UNPLAYED | E6: XXX | F6: XXX | G6: =IF(OR(F7 = "UNPLAYED", F7 = "XXX"), F7, -1* F7) -> XXX | H6: =IF(OR(F8 = "UNPLAYED", F8 = "XXX"), F8, -1* F8) -> UNPLAYED | I6: =IF(OR(F9 = "UNPLAYED", F9 = "XXX"), F9, -1* F9) -> UNPLAYED | J6: =IF(OR(F10 = "UNPLAYED", F10 = "XXX"), F10, -1* F10) -> UNPLAYED | K6: =IF(OR(F11 = "UNPLAYED", F11 = "XXX"), F11, -1* F11) -> UNPLAYED
A7: Kat Trik | B7: UNPLAYED | C7: XXX | D7: UNPLAYED | E7: UNPLAYED | F7: XXX | G7: XXX | H7: =IF(OR(G8 = "UNPLAYED", G8 = "XXX"), G8, -1* G8) -> UNPLAYED | I7: =IF(OR(G9 = "UNPLAYED", G9 = "XXX"), G9, -1* G9) -> UNPLAYED | J7: =IF(OR(G10 = "UNPLAYED", G10 = "XXX"), G10, -1* G10) -> UNPLAYED | K7: =IF(OR(G11 = "UNPLAYED", G11 = "XXX"), G11, -1* G11) -> UNPLAYED
A8: Handy | B8: UNPLAYED | C8: UNPLAYED | D8: UNPLAYED | E8: UNPLAYED | F8: UNPLAYED | G8: UNPLAYED | H8: XXX | I8: =IF(OR(H9 = "UNPLAYED", H9 = "XXX"), H9, -1* H9) -> XXX | J8: =IF(OR(H10 = "UNPLAYED", H10 = "XXX"), H10, -1* H10) -> UNPLAYED | K8: =IF(OR(H11 = "UNPLAYED", H11 = "XXX"), H11, -1* H11) -> XXX
A9: manler | B9: XXX | C9: UNPLAYED | D9: UNPLAYED | E9: UNPLAYED | F9: UNPLAYED | G9: UNPLAYED | H9: XXX | I9: XXX | J9: =IF(OR(I10 = "UNPLAYED", I10 = "XXX"), I10, -1* I10) -> UNPLAYED | K9: =IF(OR(I11 = "UNPLAYED", I11 = "XXX"), I11, -1* I11) -> UNPLAYED
A10: unhinged | B10: XXX | C10: UNPLAYED | D10: UNPLAYED | E10: UNPLAYED | F10: UNPLAYED | G10: UNPLAYED | H10: UNPLAYED | I10: UNPLAYED | J10: XXX | K10: =IF(OR(J11 = "UNPLAYED", J11 = "XXX"), J11, -1* J11) -> XXX
A11: kandy | B11: UNPLAYED | C11: UNPLAYED | D11: UNPLAYED | E11: UNPLAYED | F11: UNPLAYED | G11: UNPLAYED | H11: XXX | I11: UNPLAYED | J11: XXX | K11: XXX

Sheet notes
A1: name | B1: Player 1 | C1: Player 2 | H1: # teams | I1: in | J1: possible
A2: Crok Messieurs | B2: Jack | C2: Vedant | H2: 2 | I2: Jack | J2: Sam
A3: Hethan | B3: Haneen | C3: Ethan | H3: 1 | I3: Vedant | J3: Parker
A4: Shartyyyy | B4: Sandy | C4: Shawty | H4: 1.5 | I4: Shawty | J4: Calum? | M4: down to be on 2nd
A5: Kalice | B5: Katelyn | C5: Alice | H5: 2 | I5: Sandy | J5: anish
A6: J&J | B6: Jack | C6: John | H6: 1.5 | I6: Katelyn | J6: Jackson | M6: down to be on 2nd
A7: Kat Trik | B7: Patrik | C7: Kato | H7: 2 | I7: Haneen | J7: Piper + Ethan
A8: Handy | B8: Sandy | C8: Haneen | H8: 1 | I8: Alice
A9: Peethan | B9: Ethan | C9: Patrik | H9: 2 | I9: Ethan
B10: John | H10: 2 | I10: Patrik
B11: Shawty | H11: 1.5 | I11: Kato | M11: unknown
B12: Katelyn | H12: 1.5 | I12: John | M12: Interested in 2nd
B13: Anish
B14: Kato
A15: Maybe? | B15: Piper | C15: Ethan

Sheet spring tourney
A1: Team name | B1: player | C1: player | G1: random | I1: total
A2: The Sweatshop | B2: Nick | C2: Katelyn | G2: Na'ama | I2: =COUNTA(A2:A22) + 0.5 * COUNTA(G2:G22) -> 2
G3: Shawty

Sheet GameCalculator
A1: Sessions | B1: 16
A2: boards | B2: 1.75
B4: team | C4: games | D4: GPS | E4: GPT | F4: GPT PS
A5: Dream | B5: =COUNTA(TeamInfo!F13:F18) + COUNTA(TeamInfo!G13:G20) -> 0 | C5: =B5 * E5 /2 -> 0 | D5: =C5 / $B$1 -> 0 | E5: =(B5 - 1 - 2) * 2 -> -6 | F5: =E5 / $B$1 -> -0.375
A6: DTE | B6: =_xlfn.CEILING.MATH((0.75*COUNTA(TeamInfo!F13:F18)+0.25*COUNTA(TeamInfo!G13:G20))) -> 0 | C6: =B6 * (B6 - 1 - 1) /2 * 2 -> 0 | D6: =C6 / $B$1 -> 0 | E6: =(B6 - 1 - 1) * 2 -> -4 | F6: =E6 / $B$1 -> -0.25
A7: DooDoo | B7: 6 | C7: =B7 * (B7 - 1) /2 * 2 -> 30 | D7: =C7 / $B$1 -> 1.875 | E7: =(B7 - 1) * 2 -> 10 | F7: =E7 / $B$1 -> 0.625
